INSERT INTO Clientes (dni, apellido, nombre) VALUES
(20345678, 'Pérez', 'Carlos'),
(21456789, 'Gómez', 'Ana'),
(22567890, 'Torres', 'Luis'),
(23678901, 'Fernández', 'Carla'),
(24789012, 'Ramos', 'Sofía'),
(25890123, 'Alvarez', 'Diego'),
(26901234, 'Martínez', 'Lucía'),
(27912345, 'García', 'Mariano');

INSERT INTO Cuentas (numero_cuenta, numero_cliente, saldo) VALUES
(1001, 1, 1500.00),
(1002, 2, 3200.00),
(1003, 3, 800.00),
(1004, 4, 5000.00),
(1005, 5, 2500.00),
(1006, 6, 1200.00),
(1007, 7, 950.00),
(1008, 8, 4000.00),
(1009, 1, 700.00),
(1010, 5, 1500.00);

INSERT INTO Movimientos (numero_cuenta, fecha, tipo, importe) VALUES
(1001, '2025-01-05', 'CREDITO', 500.00),
(1001, '2025-01-10', 'DEBITO', 200.00),
(1002, '2025-01-12', 'CREDITO', 1000.00),
(1003, '2025-01-15', 'DEBITO', 100.00),
(1004, '2025-02-01', 'CREDITO', 1500.00),
(1004, '2025-02-10', 'DEBITO', 300.00),
(1005, '2025-02-05', 'CREDITO', 700.00),
(1006, '2025-02-15', 'DEBITO', 100.00),
(1007, '2025-03-01', 'CREDITO', 250.00),
(1008, '2025-03-02', 'DEBITO', 500.00),
(1009, '2025-03-10', 'CREDITO', 200.00),
(1010, '2025-03-12', 'DEBITO', 150.00),
(1002, '2025-03-15', 'DEBITO', 400.00),
(1005, '2025-03-16', 'CREDITO', 300.00),
(1008, '2025-10-20', 'CREDITO', 600.00),
(1002, '2025-10-21', 'CREDITO', 1000),
(1002, '2025-10-21', 'DEBITO', 900),
(1001, '2025-10-05', 'CREDITO', 500.00),
(1001, '2025-10-10', 'DEBITO', 200.00),
(1002, '2025-10-12', 'CREDITO', 1000.00),
(1003, '2025-10-15', 'DEBITO', 100.00),
(1004, '2025-10-01', 'CREDITO', 1500.00),
(1004, '2025-10-10', 'DEBITO', 300.00),
(1005, '2025-10-05', 'CREDITO', 700.00),
(1006, '2025-10-15', 'DEBITO', 100.00),
(1007, '2025-10-01', 'CREDITO', 250.00),
(1008, '2025-10-02', 'DEBITO', 500.00),
(1009, '2025-10-10', 'CREDITO', 200.00),
(1010, '2025-10-12', 'DEBITO', 150.00),
(1002, '2025-10-15', 'DEBITO', 400.00),
(1005, '2025-10-16', 'CREDITO', 300.00),
(1008, '2025-10-20', 'CREDITO', 600.00),
(1002, '2025-10-21', 'CREDITO', 3000),
(1002, '2025-10-21', 'DEBITO', 1000);

INSERT INTO historial_movimientos (numero_cuenta, numero_movimiento, saldo_anterior, saldo_actual) VALUES
(1001, 1, 1500.00, 2000.00),
(1001, 2, 2000.00, 1800.00),
(1002, 3, 3200.00, 4200.00),
(1003, 4, 800.00, 700.00),
(1004, 5, 5000.00, 6500.00),
(1004, 6, 6500.00, 6200.00),
(1005, 7, 2500.00, 3200.00),
(1006, 8, 1200.00, 1100.00),
(1007, 9, 950.00, 1200.00),
(1008, 10, 4000.00, 3500.00),
(1009, 11, 700.00, 900.00),
(1010, 12, 1500.00, 1350.00),
(1002, 13, 4200.00, 3800.00),
(1005, 14, 3200.00, 3500.00),
(1008, 15, 3500.00, 4100.00),
(1002, 16, 3800.00, 4800.00),
(1002, 17, 4800.00, 3900.00),
(1001, 18, 1800.00, 2300.00),
(1001, 19, 2300.00, 2100.00),
(1002, 20, 3900.00, 4900.00),
(1003, 21, 700.00, 600.00),
(1004, 22, 6200.00, 7700.00),
(1004, 23, 7700.00, 7400.00),
(1005, 24, 3500.00, 4200.00),
(1006, 25, 1100.00, 1000.00),
(1007, 26, 1200.00, 1450.00),
(1008, 27, 4100.00, 3600.00),
(1009, 28, 900.00, 1100.00),
(1010, 29, 1350.00, 1200.00),
(1002, 30, 4900.00, 4500.00),
(1005, 31, 4200.00, 4500.00),
(1008, 32, 3600.00, 4200.00),
(1002, 33, 4500.00, 7500.00),
(1002, 34, 7500.00, 6500.00);